{
"format_version": "1.10",
"minecraft:item": {
"description": {
"identifier": "advcraft:dragon_apple"
},

"components": {
"minecraft:hand_equipped": false,
"minecraft:stacked_by_data": true,
"minecraft:use_duration": 32,
"minecraft:max_stack_size": 64,
"minecraft:foil": true,
"minecraft:food": {
"nutrition": 5,
"saturation_modifier": "supernatural",
"can_always_eat": true,
"effects": [
{
"name": "slow_falling",
"chance": 1.0,
"duration": 240,
"amplifier": 0
},
{
"name": "strength",
"chance": 1.0,
"duration": 300,
"amplifier": 2
},
{
"name": "speed",
"chance": 1.0,
"duration": 240,
"amplifier": 1
}
]
}
}
}
}
