{
  "format_version": "1.12",
  "minecraft:recipe_shaped": {
    "description": {
      "identifier": "automatic_grinder_b178427b"
    },
    "tags": [
      "crafting_table"
    ],
    "pattern": [
      " A ",
      "ABA",
      " A "
    ],
    "key": {
      "A": {
        "item": "minecraft:soul_sand",
        "data": 0
      },
      "B": {
        "item": "minecraft:netherstar",
        "data": 0
      }
    },
    "result": {
      "item": "euf:automatic_grinder",
      "count": 1
    }
  }
}