{
  "resource_pack_name": "Addon Maker Resource",
  "texture_name": "atlas.items",
  "texture_data": {
    "egg_camel": {
      "textures": "textures/items/egg_camel"
    },
    "egg_lion": {
      "textures": "textures/items/egg_lion"
    },
    "egg_penguin": {
      "textures": "textures/items/egg_penguin"
    },
    "egg_tiger": {
      "textures": "textures/items/egg_tiger"
    },
    "egg_elephant": {
      "textures": "textures/items/egg_elephant"
    },
    "egg_deer": {
      "textures": "textures/items/egg_deer"
    },
    "egg_panther": {
      "textures": "textures/items/egg_panther"
    },
    "egg_frog": {
      "textures": "textures/items/egg_frog"
    },
    "egg_crocodile": {
      "textures": "textures/items/egg_crocodile"
    },
    "egg_mouse": {
      "textures": "textures/items/egg_mouse"
    },
    "gallardo": {
      "textures": "textures/items/gallardo"
    },
    "bench": {
      "textures": "textures/items/bench"
    },
    "christmas_tree": {
      "textures": "textures/items/christmas_tree"
    },
    "tivi": {
      "textures": "textures/items/tivi"
    },
    "closet": {
      "textures": "textures/items/closet"
    },
    "laptop": {
      "textures": "textures/items/laptop"
    },
    "piano": {
      "textures": "textures/items/piano"
    },
    "armchairs": {
      "textures": "textures/items/armchairs"
    },
    "chair": {
      "textures": "textures/items/chair"
    },
    "big_table": {
      "textures": "textures/items/big_table"
    },
    "small_table": {
      "textures": "textures/items/small_table"
    },
    "drone": {
      "textures": "textures/items/drone"
    },
    "colorful_gifts": {
      "textures": "textures/items/colorful_gifts"
    },
    "euf:eme_big_madam": {
      "textures": "textures/items/pamobile/euf_eme_big_madam"
    },
    "euf:eme_father_of_villager": {
      "textures": "textures/items/pamobile/euf_eme_father_of_villager"
    },
    "euf:euf_ore": {
      "textures": "textures/items/pamobile/euf_euf_ore"
    },
    "euf:euf_coin": {
      "textures": "textures/items/pamobile/euf_euf_coin"
    },
    "euf:emerald_nugget": {
      "textures": "textures/items/pamobile/euf_emerald_nugget"
    },
    "euf:euf_nugget": {
      "textures": "textures/items/pamobile/euf_euf_nugget"
    },
    "euf:eme_global_minecraft_currencies": {
      "textures": "textures/items/pamobile/euf_eme_global_minecraft_currencies"
    },
    "euf:eme_mob_collectors": {
      "textures": "textures/items/pamobile/euf_eme_mob_collectors"
    },
    "euf:eme_quest_master": {
      "textures": "textures/items/pamobile/euf_eme_quest_master"
    }
  }
}