{
  "resource_pack_name": "vanilla",
  "texture_name": "atlas.terrain",
  "padding": 8,
  "num_mip_levels": 4,
  "texture_data": {
    "euf_eme_big_madam_recipe": {
      "textures": [
        "textures/blocks/euf_eme_big_madam_recipe"
      ]
    },
	"euf_eme_father_of_villager_recipe": {
      "textures": [
        "textures/blocks/euf_eme_father_of_villager_recipe"
      ]
    },
	"euf_eme_global_minecraft_currencies_recipe": {
      "textures": [
        "textures/blocks/euf_eme_global_minecraft_currencies_recipe"
      ]
    },
	"euf_eme_mob_collectors_recipe": {
      "textures": [
        "textures/blocks/euf_eme_mob_collectors_recipe"
      ]
    },
	"euf_quest_master_recipe": {
      "textures": [
        "textures/blocks/euf_quest_master_recipe"
      ]
    },
	"euf_euf_block": {
      "textures": [
        "textures/blocks/euf_euf_block"
      ]
    }
  }
}