{
  "euf:pixel_craft_recipe": {
    "textures": "euf_pixel_craft_recipe",
    "sound": "stone"
  },
  "euf:pixel_craft_70dbff": {
    "textures": "euf_pixel_craft_70dbff",
    "sound": "stone"
  },
  "euf:pixel_craft_140e1e": {
    "textures": "euf_pixel_craft_140e1e",
    "sound": "stone"
  },
  "euf:pixel_craft_2d1a71": {
    "textures": "euf_pixel_craft_2d1a71",
    "sound": "stone"
  },
  "euf:pixel_craft_409def": {
    "textures": "euf_pixel_craft_409def",
    "sound": "stone"
  },
  "euf:pixel_craft_3257be": {
    "textures": "euf_pixel_craft_3257be",
    "sound": "stone"
  },
  "euf:pixel_craft_bfffff": {
    "textures": "euf_pixel_craft_bfffff",
    "sound": "stone"
  },
  "euf:pixel_craft_3e32d5": {
    "textures": "euf_pixel_craft_3e32d5",
    "sound": "stone"
  },
  "euf:pixel_craft_6e6aff": {
    "textures": "euf_pixel_craft_6e6aff",
    "sound": "stone"
  },
  "euf:pixel_craft_652bbc": {
    "textures": "euf_pixel_craft_652bbc",
    "sound": "stone"
  },
  "euf:pixel_craft_a6adff": {
    "textures": "euf_pixel_craft_a6adff",
    "sound": "stone"
  },
  "euf:pixel_craft_b44cef": {
    "textures": "euf_pixel_craft_b44cef",
    "sound": "stone"
  },
  "euf:pixel_craft_d8e0ff": {
    "textures": "euf_pixel_craft_d8e0ff",
    "sound": "stone"
  },
  "euf:pixel_craft_480e55": {
    "textures": "euf_pixel_craft_480e55",
    "sound": "stone"
  },
  "euf:pixel_craft_941887": {
    "textures": "euf_pixel_craft_941887",
    "sound": "stone"
  },
  "euf:pixel_craft_e444c3": {
    "textures": "euf_pixel_craft_e444c3",
    "sound": "stone"
  },
  "euf:pixel_craft_ffcdff": {
    "textures": "euf_pixel_craft_ffcdff",
    "sound": "stone"
  },
  "euf:pixel_craft_ec8cff": {
    "textures": "euf_pixel_craft_ec8cff",
    "sound": "stone"
  },
  "euf:pixel_craft_550e2b": {
    "textures": "euf_pixel_craft_550e2b",
    "sound": "stone"
  },
  "euf:pixel_craft_190c12": {
    "textures": "euf_pixel_craft_190c12",
    "sound": "stone"
  },
  "euf:pixel_craft_ff424f": {
    "textures": "euf_pixel_craft_ff424f",
    "sound": "stone"
  },
  "euf:pixel_craft_af102e": {
    "textures": "euf_pixel_craft_af102e",
    "sound": "stone"
  },
  "euf:pixel_craft_aa2c1e": {
    "textures": "euf_pixel_craft_aa2c1e",
    "sound": "stone"
  },
  "euf:pixel_craft_f66d1e": {
    "textures": "euf_pixel_craft_f66d1e",
    "sound": "stone"
  },
  "euf:pixel_craft_ffae68": {
    "textures": "euf_pixel_craft_ffae68",
    "sound": "stone"
  },
  "euf:pixel_craft_0c101b": {
    "textures": "euf_pixel_craft_0c101b",
    "sound": "stone"
  },
  "euf:pixel_craft_ff91e2": {
    "textures": "euf_pixel_craft_ff91e2",
    "sound": "stone"
  },
  "euf:pixel_craft_ff9792": {
    "textures": "euf_pixel_craft_ff9792",
    "sound": "stone"
  },
  "euf:pixel_craft_0e3e12": {
    "textures": "euf_pixel_craft_0e3e12",
    "sound": "stone"
  },
  "euf:pixel_craft_97530f": {
    "textures": "euf_pixel_craft_97530f",
    "sound": "stone"
  },
  "euf:pixel_craft_ffd5cf": {
    "textures": "euf_pixel_craft_ffd5cf",
    "sound": "stone"
  },
  "euf:pixel_craft_dd8c00": {
    "textures": "euf_pixel_craft_dd8c00",
    "sound": "normal"
  },
  "euf:pixel_craft_ffe1b5": {
    "textures": "euf_pixel_craft_ffe1b5",
    "sound": "stone"
  },
  "euf:pixel_craft_491d1e": {
    "textures": "euf_pixel_craft_491d1e",
    "sound": "stone"
  },
  "euf:pixel_craft_492917": {
    "textures": "euf_pixel_craft_492917",
    "sound": "stone"
  },
  "euf:pixel_craft_fbc800": {
    "textures": "euf_pixel_craft_fbc800",
    "sound": "stone"
  },
  "euf:pixel_craft_fff699": {
    "textures": "euf_pixel_craft_fff699",
    "sound": "stone"
  },
  "euf:pixel_craft_0d384c": {
    "textures": "euf_pixel_craft_0d384c",
    "sound": "stone"
  },
  "euf:pixel_craft_6cb328": {
    "textures": "euf_pixel_craft_6cb328",
    "sound": "stone"
  },
  "euf:pixel_craft_38741a": {
    "textures": "euf_pixel_craft_38741a",
    "sound": "stone"
  },
  "euf:pixel_craft_177578": {
    "textures": "euf_pixel_craft_177578",
    "sound": "stone"
  },
  "euf:pixel_craft_afe356": {
    "textures": "euf_pixel_craft_afe356",
    "sound": "stone"
  },
  "euf:pixel_craft_e4fca2": {
    "textures": "euf_pixel_craft_e4fca2",
    "sound": "stone"
  },
  "euf:pixel_craft_00bc9f": {
    "textures": "euf_pixel_craft_00bc9f",
    "sound": "stone"
  },
  "euf:pixel_craft_6becbd": {
    "textures": "euf_pixel_craft_6becbd",
    "sound": "stone"
  },
  "euf:pixel_craft_665d5b": {
    "textures": "euf_pixel_craft_665d5b",
    "sound": "stone"
  },
  "euf:pixel_craft_998d86": {
    "textures": "euf_pixel_craft_998d86",
    "sound": "stone"
  },
  "euf:pixel_craft_353234": {
    "textures": "euf_pixel_craft_353234",
    "sound": "stone"
  },
  "euf:pixel_craft_c9fccc": {
    "textures": "euf_pixel_craft_c9fccc",
    "sound": "stone"
  },
  "euf:pixel_craft_7b95a0": {
    "textures": "euf_pixel_craft_7b95a0",
    "sound": "stone"
  },
  "euf:pixel_craft_505d6d": {
    "textures": "euf_pixel_craft_505d6d",
    "sound": "normal"
  },
  "euf:pixel_craft_a6cfd0": {
    "textures": "euf_pixel_craft_a6cfd0",
    "sound": "stone"
  },
  "euf:pixel_craft_cdbfb3": {
    "textures": "euf_pixel_craft_cdbfb3",
    "sound": "stone"
  },
  "euf:pixel_craft_eae6da": {
    "textures": "euf_pixel_craft_eae6da",
    "sound": "stone"
  },
  "euf:pixel_craft_2f3143": {
    "textures": "euf_pixel_craft_2f3143",
    "sound": "stone"
  },
  "euf:pixel_craft_8d4131": {
    "textures": "euf_pixel_craft_8d4131",
    "sound": "stone"
  },
  "euf:pixel_craft_9c2b3b": {
    "textures": "euf_pixel_craft_9c2b3b",
    "sound": "stone"
  },
  "euf:pixel_craft_cb734d": {
    "textures": "euf_pixel_craft_cb734d",
    "sound": "stone"
  },
  "euf:pixel_craft_dfeae4": {
    "textures": "euf_pixel_craft_dfeae4",
    "sound": "stone"
  },
  "euf:pixel_craft_e45761": {
    "textures": "euf_pixel_craft_e45761",
    "sound": "stone"
  },
  "euf:pixel_craft_efaf79": {
    "textures": "euf_pixel_craft_efaf79",
    "sound": "stone"
  },
  "euf:pixel_craft_000000": {
    "textures": "euf_pixel_craft_000000",
    "sound": "normal"
  },
  "euf:pixel_craft_e4162b": {
    "textures": "euf_pixel_craft_e4162b",
    "sound": "stone"
  },
  "euf:pixel_craft_ffff40": {
    "textures": "euf_pixel_craft_ffff40",
    "sound": "stone"
  },
  "euf:pixel_craft_ffffff": {
    "textures": "euf_pixel_craft_ffffff",
    "sound": "stone"
  },
  "format_version": [
    1,
    1,
    0
  ]
}