{
   "format_version": "1.11.0",
   "minecraft:entity": {
      "description": {
         "identifier": "minecraft:player",
         "is_spawnable": false,
         "is_summonable": false,
         "is_experimental": false
      },
      "component_groups": {
         "minecraft:normal_player": {
            "minecraft:attack": {
               "damage": 1
            }
         },
      "minecraft:cactus_sword": {
        "minecraft:attack": {
          "damage": 5
        }
      },
      "minecraft:plastic_sword": {
        "minecraft:attack": {
          "damage": 6
        }
      }, 
      "minecraft:double_edged_wooden_sword": {
        "minecraft:attack": {
          "damage": 6
        }
      }, 
      "minecraft:double_edged_stone_sword": {
        "minecraft:attack": {
          "damage": 7
        }
      }, 
      "minecraft:double_edged_iron_sword": {
        "minecraft:attack": {
          "damage": 8
        }
      }, 
      "minecraft:double_edged_golden_sword": {
        "minecraft:attack": {
          "damage": 6
        }
      }, 
      "minecraft:double_edged_diamond_sword": {
        "minecraft:attack": {
          "damage": 9
        }
      }, 
      "minecraft:double_edged_cactus_sword": {
        "minecraft:attack": {
          "damage": 7
        }
      }, 
      "minecraft:double_edged_plastic_sword": {
        "minecraft:attack": {
          "damage": 8
        }
      }, 
      "minecraft:dragonite_claw": {
        "minecraft:attack": {
          "damage": 12
        }
      }, 
      "minecraft:dragonite_sword": {
        "minecraft:attack": {
          "damage": 10
        }
      }, 
      "minecraft:drill_tier1": {
        "minecraft:attack": {
          "damage": 1
				},
				"minecraft:break_blocks": {
					"breakable_blocks": [
	"minecraft:stone",
	"minecraft:cobblestone",
	"minecraft:dirt",
	"minecraft:gravel",
	"minecraft:grass",
	"minecraft:netherrack",
	"minecraft:glowstone",
	"minecraft:magma_block",
	"minecraft:soul_sand"
          ]
		}
	  },
      "minecraft:rune_blade_of_bravery": {
        "minecraft:attack": {
          "damage": 18
        }
      }, 
      "minecraft:rune_hammer_of_might": {
        "minecraft:attack": {
          "damage": 23
        }
      }, 
      "minecraft:double_edged_dragonite_sword": {
        "minecraft:attack": {
          "damage": 14
        }
      }, 
      "minecraft:double_edged_rune_blade": {
        "minecraft:attack": {
          "damage": 26
        }
      }, 
      "minecraft:rune_axe_of_agility": {
        "minecraft:attack": {
          "damage": 20
        }
      }, 
      "minecraft:add_bad_omen": {
        "minecraft:spell_effects": {
          "add_effects": [
            {
              "effect": "bad_omen",
              "duration": 6000,
              "display_on_screen_animation": true
            }
          ]
        },
        "minecraft:timer": {
          "time": [
            0,
            0
          ],
          "looping": false,
          "time_down_event": {
            "event": "minecraft:clear_add_bad_omen",
            "target": "self"
          }
        }
      },
      "minecraft:clear_bad_omen_spell_effect": {
        "minecraft:spell_effects": {}
      },
      "minecraft:raid_trigger": {
        "minecraft:raid_trigger": {
          "triggered_event": {
            "event": "minecraft:remove_raid_trigger",
            "target": "self"
          }
        },
        "minecraft:spell_effects": {
          "remove_effects": "bad_omen"
        }
      }
    },
    "components": {
      "minecraft:type_family": {
        "family": [
          "player"
        ]
      },
      "minecraft:is_hidden_when_invisible": {},
      "minecraft:movement": {
        "value": 0.1
      },
      "minecraft:loot": {
        "table": "loot_tables/empty.json"
      },
      "minecraft:collision_box": {
        "width": 0.6,
        "height": 1.8
      },
      "minecraft:can_climb": {},
      "minecraft:player.saturation": {
        "value": 20
      },
      "minecraft:player.exhaustion": {
        "value": 0,
        "max": 4
      },
      "minecraft:player.level": {
        "value": 0,
        "max": 24791
      },
      "minecraft:player.experience": {
        "value": 0,
        "max": 1
      },
      "minecraft:breathable": {
        "totalSupply": 15,
        "suffocateTime": -1,
        "inhaleTime": 3.75,
        "generatesBubbles": false
      },
      "minecraft:nameable": {
        "alwaysShow": true,
        "allowNameTagRenaming": false
      },
      "minecraft:physics": {},
      "minecraft:insomnia": {
        "days_until_insomnia": 3
      },
      "minecraft:rideable": {
        "seat_count": 2,
        "family_types": [
          "parrot_tame"
        ],
        "pull_in_entities": true,
        "seats": [
          {
            "position": [
              0.4,
              -0.15,
              0.04
            ],
            "min_rider_count": 0,
            "max_rider_count": 0,
            "lock_rider_rotation": 0
          },
          {
            "position": [
              -0.4,
              -0.15,
              0.04
            ],
            "min_rider_count": 1,
            "max_rider_count": 2,
            "lock_rider_rotation": 0
          }
        ]
      },
      "minecraft:scaffolding_climber": {},
      "minecraft:environment_sensor": [
        {
          "on_environment": {
            "filters": {
              "all_of": [
                {
                  "test": "has_mob_effect",
                  "subject": "self",
                  "value": "bad_omen"
                },
                {
                  "test": "is_in_village",
                  "subject": "self",
                  "value": true
                }
              ]
            },
            "event": "minecraft:trigger_raid"
          }
        },
        {
          "on_environment": {
            "filters": {
              "all_of": [
                {
                  "test": "is_family",
                  "subject": "self",
                  "value": "player"
                }
              ]
            },
            "event": "minecraft:event_normal_player"
          }
        },
        {
          "on_environment": {
            "filters": {
              "all_of": [
                {
                  "test": "has_equipment",
                  "subject": "self",
                  "domain": "hand",
                  "value": "advcraft:cactus_sword"
                }
              ]
            },
            "event": "minecraft:cactus_sword"
          }
        },
        {
          "on_environment": {
            "filters": {
              "all_of": [
                {
                  "test": "has_equipment",
                  "subject": "self",
                  "domain": "hand",
                  "value": "advcraft:plastic_sword"
                }
              ]
            },
            "event": "minecraft:plastic_sword"
          }
        },
        {
          "on_environment": {
            "filters": {
              "all_of": [
                {
                  "test": "has_equipment",
                  "subject": "self",
                  "domain": "hand",
                  "value": "advcraft:double_edged_wooden_sword"
                }
              ]
            },
            "event": "minecraft:double_edged_wooden_sword"
          }
        },
        {
          "on_environment": {
            "filters": {
              "all_of": [
                {
                  "test": "has_equipment",
                  "subject": "self",
                  "domain": "hand",
                  "value": "advcraft:double_edged_stone_sword"
                }
              ]
            },
            "event": "minecraft:double_edged_stone_sword"
          }
        },
        {
          "on_environment": {
            "filters": {
              "all_of": [
                {
                  "test": "has_equipment",
                  "subject": "self",
                  "domain": "hand",
                  "value": "advcraft:double_edged_iron_sword"
                }
              ]
            },
            "event": "minecraft:double_edged_iron_sword"
          }
        },
        {
          "on_environment": {
            "filters": {
              "all_of": [
                {
                  "test": "has_equipment",
                  "subject": "self",
                  "domain": "hand",
                  "value": "advcraft:double_edged_golden_sword"
                }
              ]
            },
            "event": "minecraft:double_edged_golden_sword"
          }
        },
        {
          "on_environment": {
            "filters": {
              "all_of": [
                {
                  "test": "has_equipment",
                  "subject": "self",
                  "domain": "hand",
                  "value": "advcraft:double_edged_diamond_sword"
                }
              ]
            },
            "event": "minecraft:double_edged_diamond_sword"
          }
        },
        {
          "on_environment": {
            "filters": {
              "all_of": [
                {
                  "test": "has_equipment",
                  "subject": "self",
                  "domain": "hand",
                  "value": "advcraft:double_edged_cactus_sword"
                }
              ]
            },
            "event": "minecraft:double_edged_cactus_sword"
          }
        },
        {
          "on_environment": {
            "filters": {
              "all_of": [
                {
                  "test": "has_equipment",
                  "subject": "self",
                  "domain": "hand",
                  "value": "advcraft:double_edged_plastic_sword"
                }
              ]
            },
            "event": "minecraft:double_edged_plastic_sword"
          }
    },
        {
          "on_environment": {
            "filters": {
              "all_of": [
                {
                  "test": "has_equipment",
                  "subject": "self",
                  "domain": "hand",
                  "value": "advcraft:dragonite_claw"
                }
              ]
            },
            "event": "minecraft:dragonite_claw"
          }
    },
        {
          "on_environment": {
            "filters": {
              "all_of": [
                {
                  "test": "has_equipment",
                  "subject": "self",
                  "domain": "hand",
                  "value": "advcraft:dragonite_sword"
                }
              ]
            },
            "event": "minecraft:dragonite_sword"
          }
    },
        {
          "on_environment": {
            "filters": {
              "all_of": [
                {
                  "test": "has_equipment",
                  "subject": "self",
                  "domain": "hand",
                  "value": "advcraft:drill_tier1"
                }
              ]
            },
            "event": "minecraft:drill_tier1"
          }
    },
        {
          "on_environment": {
            "filters": {
              "all_of": [
                {
                  "test": "has_equipment",
                  "subject": "self",
                  "domain": "hand",
                  "value": "advcraft:rune_blade_of_bravery"
                }
              ]
            },
            "event": "minecraft:rune_blade_of_bravery"
          }
    },
        {
          "on_environment": {
            "filters": {
              "all_of": [
                {
                  "test": "has_equipment",
                  "subject": "self",
                  "domain": "hand",
                  "value": "advcraft:rune_hammer_of_might"
                }
              ]
            },
            "event": "minecraft:rune_hammer_of_might"
          }
    },
        {
          "on_environment": {
            "filters": {
              "all_of": [
                {
                  "test": "has_equipment",
                  "subject": "self",
                  "domain": "hand",
                  "value": "advcraft:double_edged_dragonite_sword"
                }
              ]
            },
            "event": "minecraft:double_edged_dragonite_sword"
          }
    },
        {
          "on_environment": {
            "filters": {
              "all_of": [
                {
                  "test": "has_equipment",
                  "subject": "self",
                  "domain": "hand",
                  "value": "advcraft:double_edged_rune_blade"
                }
              ]
            },
            "event": "minecraft:double_edged_rune_blade"
          }
    },
        {
          "on_environment": {
            "filters": {
              "all_of": [
                {
                  "test": "has_equipment",
                  "subject": "self",
                  "domain": "hand",
                  "value": "advcraft:rune_axe_of_agility"
                }
              ]
            },
            "event": "minecraft:rune_axe_of_agility"
          }
        }
      ]
    },
    "events": {
      "minecraft:event_normal_player": {
        "add": {
          "component_groups": [
            "minecraft:normal_player"
          ]
        },
        "remove": {
          "component_groups": [
            "minecraft:cactus_sword",
            "minecraft:plastic_sword",
"minecraft:double_edged_wooden_sword",
"minecraft:double_edged_stone_sword",
"minecraft:double_edged_iron_sword",
"minecraft:double_edged_golden_sword",
"minecraft:double_edged_diamond_sword",
"minecraft:double_edged_cactus_sword",
"minecraft:double_edged_plastic_sword",
"minecraft:dragonite_claw",
"minecraft:dragonite_sword",
"minecraft:drill_tier1",
"minecraft:rune_blade_of_bravery",
"minecraft:rune_hammer_of_might",
"minecraft:double_edged_dragonite_sword"
,
"minecraft:double_edged_rune_blade",
"minecraft:rune_axe_of_agility"
          ]
        }
      },
      "minecraft:cactus_sword": {
        "add": {
          "component_groups": [
            "minecraft:cactus_sword"
          ]
        }
      },
      "minecraft:plastic_sword": {
        "add": {
          "component_groups": [
            "minecraft:plastic_sword"
          ]
        }
      },
      "minecraft:double_edged_wooden_sword": {
        "add": {
          "component_groups": [
            "minecraft:double_edged_wooden_sword"
          ]
        }
      },
      "minecraft:double_edged_stone_sword": {
        "add": {
          "component_groups": [
            "minecraft:double_edged_stone_sword"
          ]
        }
      },
      "minecraft:double_edged_iron_sword": {
        "add": {
          "component_groups": [
            "minecraft:double_edged_iron_sword"
          ]
        }
      },
      "minecraft:double_edged_golden_sword": {
        "add": {
          "component_groups": [
            "minecraft:double_edged_golden_sword"
          ]
        }
      },
      "minecraft:double_edged_diamond_sword": {
        "add": {
          "component_groups": [
            "minecraft:double_edged_diamond_sword"
          ]
        }
      }, 
      "minecraft:double_edged_cactus_sword": {
        "add": {
          "component_groups": [
            "minecraft:double_edged_cactus_sword"
          ]
        }
      },
      "minecraft:double_edged_plastic_sword": {
        "add": {
          "component_groups": [
            "minecraft:double_edged_plastic_sword"
          ]
        }
      }, 
      "minecraft:dragonite_claw": {
        "add": {
          "component_groups": [
            "minecraft:dragonite_claw"
          ]
        }
      }, 
      "minecraft:dragonite_sword": {
        "add": {
          "component_groups": [
            "minecraft:dragonite_sword"
          ]
        }
      }, 
      "minecraft:drill_tier1": {
        "add": {
          "component_groups": [
            "minecraft:drill_tier1"
          ]
        }
      }, 
      "minecraft:rune_blade_of_bravery": {
        "add": {
          "component_groups": [
            "minecraft:rune_blade_of_bravery"
          ]
        }
      }, 
      "minecraft:rune_hammer_of_might": {
        "add": {
          "component_groups": [
            "minecraft:rune_hammer_of_might"
          ]
        }
      }, 
      "minecraft:double_edged_dragonite_sword": {
        "add": {
          "component_groups": [
            "minecraft:double_edged_dragonite_sword"
          ]
        }
      }, 
      "minecraft:double_edged_rune_blade": {
        "add": {
          "component_groups": [
            "minecraft:double_edged_rune_blade"
          ]
        }
      }, 
      "minecraft:rune_axe_of_agility": {
        "add": {
          "component_groups": [
            "minecraft:rune_axe_of_agility"
          ]
        }
      }, 
      "minecraft:gain_bad_omen": {
        "add": {
          "component_groups": [
            "minecraft:add_bad_omen"
          ]
        }
      },
      "minecraft:clear_add_bad_omen": {
        "remove": {
          "component_groups": [
            "minecraft:add_bad_omen"
          ]
        },
        "add": {
          "component_groups": [
            "minecraft:clear_bad_omen_spell_effect"
          ]
        }
      },
      "minecraft:trigger_raid": {
        "add": {
          "component_groups": [
            "minecraft:raid_trigger"
          ]
        }
      },
      "minecraft:remove_raid_trigger": {
        "remove": {
          "component_groups": [
            "minecraft:raid_trigger"
            ]
          }
        }
      }
    }
  }