{
"format_version": "1.12",
"minecraft:recipe_shaped": {
"description": {
    "identifier": "advcraft:dragon_compound_dust"
    },
"tags": [ "crafting_table" ],
"pattern": [
"ABA",
"BCB",
"ABA"
                ],
    "key": {
        "B": {
            "item": "minecraft:ender_pearl"
        },
        "A": {
            "item": "advcraft:dragon_scale"
        },
        "C": {
            "item": "advcraft:vicious_pearl"
        }
        },
"result": {
      "item": "advcraft:dragon_compound_dust",
      "count": 1
        }
    }
}