{
"format_version": "1.12",
"minecraft:recipe_shaped": {
"description": {
    "identifier": "advcraft:drill_tier1"
    },
"tags": [ "crafting_table" ],
"pattern": [
"A",
"B",
"C"
                ],
    "key": {
        "A": {
            "item": "advcraft:drill_head"
        },
        "C": {
            "item": "advcraft:drill_handle"
        },
        "B": {
            "item": "advcraft:drill_body"
        }
        },
"result": {
      "item": "advcraft:drill_tier1",
      "count": 1
        }
    }
}