{
"format_version": "1.12",
"minecraft:recipe_shaped": {
"description": {
    "identifier": "advcraft:rune_core"
    },
"tags": [ "crafting_table" ],
"pattern": [
"ABA",
"BCB",
"ABA"
                ],
    "key": {
        "B": {
            "item": "minecraft:quartz"
        },
        "A": {
            "item": "advcraft:awakening_powder"
        },
        "C": {
            "item": "minecraft:diamond"
        }
        },
"result": {
      "item": "advcraft:rune_core",
      "count": 1
        }
    }
}