{
"format_version": "1.12",
"minecraft:recipe_shaped": {
"description": {
    "identifier": "advcraft:rune_blade_of_bravery"
    },
"tags": [ "crafting_table" ],
"pattern": [
" BB",
"CBA",
" D "
                ],
    "key": {
        "A": {
            "item": "advcraft:awakened_rune"
        },
        "B": {
            "item": "advcraft:runitite_ingot"
        },
        "C": {
            "item": "advcraft:rune_core"
        },
        "D": {
            "item": "advcraft:black_iron"
        }
        },
"result": {
      "item": "advcraft:rune_blade_of_bravery",
      "count": 1
        }
    }
}