{
  "format_version": "1.10.0",
  "minecraft:block": {
     "description": {
       "identifier": "block:crate_green",
       "is_experimental": false,
       "register_to_creative_menu": true
     },
     "components": {
          "minecraft:loot": "loot_tables/blocks/crate_green.json",
          "minecraft:destroy_time": 2,
          "minecraft:explosion_resistance": 7.5,
          "minecraft:flammable": {
          "flame_odds": 30,
          "burn_odds": 30
      }
    }
  }
}