{
  "format_version": "1.12",
  "minecraft:recipe_shaped": {
    "description": {
      "identifier": "eme_big_madam_recipe_2321b36f"
    },
    "tags": [
      "crafting_table"
    ],
    "pattern": [
      "ABA",
      "CDC",
      "ECE"
    ],
    "key": {
      "A": {
        "item": "minecraft:leather",
        "data": 0
      },
      "B": {
        "item": "minecraft:carved_pumpkin",
        "data": 0
      },
      "C": {
        "item": "minecraft:bone",
        "data": 0
      },
      "D": {
        "item": "minecraft:sapling",
        "data": 0
      },
      "E": {
        "item": "minecraft:porkchop",
        "data": 0
      }
    },
    "result": {
      "item": "euf:eme_big_madam_recipe",
      "count": 1
    }
  }
}