{
  "format_version": "1.12",
  "minecraft:recipe_shaped": {
    "description": {
      "identifier": "eme_father_of_villager_recipe_fd8c17dd"
    },
    "tags": [
      "crafting_table"
    ],
    "pattern": [
      "ABA",
      "CDC",
      "ECE"
    ],
    "key": {
      "A": {
        "item": "minecraft:leather",
        "data": 0
      },
      "B": {
        "item": "minecraft:carved_pumpkin",
        "data": 0
      },
      "C": {
        "item": "minecraft:bone",
        "data": 0
      },
      "D": {
        "item": "minecraft:stripped_oak_log",
        "data": 0
      },
      "E": {
        "item": "minecraft:porkchop",
        "data": 0
      }
    },
    "result": {
      "item": "euf:eme_father_of_villager_recipe",
      "count": 1
    }
  }
}