{
    "format_version": "1.12",
    "minecraft:recipe_shaped": {
      "description": {
      "identifier": "block:neon_placeholder"
      },
  
      
      "tags": [ "crafting_table" ],
      "pattern": [
        "###",
        "#X#",
        "###"
      ],
      "key": {
        "X": {
          "item": "minecraft:glowstone"
         },
        "#": {
          "item": "minecraft:stained_glass_pane",
           "data": 2
         }
      },
      "result": {
        "item": "block:neon_placeholder",
        "count": 4
      }
    }
  }
  