{
    "format_version": "1.10.0",
    "minecraft:block": {
        "description": {
           	"identifier": "advcraft:glitch",
            "is_experimental": false,
            "register_to_creative_menu": true
        },
        "components": {
      "minecraft:loot": {
        "table": "loot_tables/blocks/glitch.json"
      },
            "minecraft:destroy_time": {
                "value": 1
            },
            "minecraft:explosion_resistance": {
                "value": 1
            },
            "minecraft:flammable": {
                "flame_odds": 0,
                "burn_odds": 0
            },
            "minecraft:map_color": {
                "color": "#8B0000"
            },
            "minecraft:block_light_absorption": {
                "value": 0
            },
            "minecraft:block_light_emission": {
                "emission": 0.15
            }
        }
    }
}